{
  "ext/fragment/WorkFlow.fragment.xml": 1710153726379,
  "ext/controller/Tab1.controller.js": 1710153726379,
  "ext/fragment/switch.js": 1710153726379,
  "ext/fragment/Attachment.js": 1710153726379,
  "ext/controller/Vendor.controller.js": 1710153726379,
  "ext/controller/Translate.js": 1710153726379,
  "manifest.json": 1710930602155,
  "ext/controller/Sync.js": 1710153726379,
  "ext/controller/SendApproval.js": 1710153726379,
  "ext/controller/RefreshWF.js": 1710153726379,
  "ext/controller/Form.controller.js": 1710846055425,
  "ext/controller/Draftattachment.js": 1710153726379,
  "ext/controller/Demo.js": 1710153726379,
  "Component.js": 1710153726379,
  "Component-preload.js": 1710930602757,
  "ext/controller/Demo-dbg.js": 1710153726379,
  "ext/fragment/Attachment-dbg.js": 1710153726379,
  "ext/controller/Vendor-dbg.controller.js": 1710153726379,
  "ext/controller/Translate-dbg.js": 1710153726379,
  "ext/controller/Tab1-dbg.controller.js": 1710153726379,
  "ext/controller/Sync-dbg.js": 1710153726379,
  "ext/controller/SendApproval-dbg.js": 1710153726379,
  "ext/controller/RefreshWF-dbg.js": 1710153726379,
  "ext/controller/Form-dbg.controller.js": 1710846055425,
  "ext/controller/Draftattachment-dbg.js": 1710153726379,
  "ext/fragment/switch-dbg.js": 1710153726379,
  "Component-dbg.js": 1710153726379,
  "ext/fragment/timeline.fragment.xml": 1710153726379,
  "ext/fragment/switch.fragment.xml": 1710153726379,
  "i18n/i18n.properties": 1710223898796,
  "ext/fragment/Draftattachment.fragment.xml": 1710153726379,
  "ext/fragment/Attachment.fragment.xml": 1710153726379,
  "css/style.css": 1710154915900,
  "index.html": 1710223885236
}